SNP_ID,CHR,BP,EA,NEA,BETA,loc
1:39969059:C:T,1,39969059,T,C,0.0191327,WC.chr.1.11
1:41485902:C:G,1,41485902,G,C,0.0129473,WC.chr.1.12
1:47670525:C:T,1,47670525,T,C,0.013365,WC.chr.1.15
1:49997674:C:T,1,49997674,C,T,0.020607,WC.chr.1.16
1:72752939:C:T,1,72752939,C,T,0.0280951,WC.chr.1.20
1:74992546:C:G,1,74992546,G,C,0.0131585,WC.chr.1.21
1:80784642:C:T,1,80784642,C,T,0.0146764,WC.chr.1.23
1:86251836:C:T,1,86251836,C,T,0.012514,WC.chr.1.25
1:92984212:T:TA,1,92984212,T,TA,0.0142415,WC.chr.1.26
1:2723214:A:C,1,2723214,C,A,0.0127428,WC.chr.1.3
1:107949256:C:T,1,107949256,C,T,0.0128467,WC.chr.1.31
1:112324111:A:T,1,112324111,T,A,0.0152285,WC.chr.1.34
1:115042415:C:T,1,115042415,C,T,0.0141056,WC.chr.1.35
1:151010521:C:G,1,151010521,G,C,0.0135572,WC.chr.1.36
1:6715440:A:G,1,6715440,A,G,0.0119013,WC.chr.1.4
1:209234358:G:T,1,209234358,G,T,0.0123671,WC.chr.1.45
1:7728391:G:T,1,7728391,G,T,0.0143154,WC.chr.1.5
1:243533273:A:G,1,243533273,A,G,0.0164005,WC.chr.1.50
1:33234128:A:G,1,33234128,G,A,0.0184652,WC.chr.1.9
1:33775350:A:G,1,33775350,G,A,0.013645,WC.chr.1.9
10:77659733:A:G,10,77659733,A,G,0.0170496,WC.chr.10.12
10:88030441:C:T,10,88030441,T,C,0.0124232,WC.chr.10.15
10:104780038:A:G,10,104780038,A,G,0.023246,WC.chr.10.20
10:115976570:C:T,10,115976570,C,T,0.0148859,WC.chr.10.21
10:125232995:A:T,10,125232995,A,T,0.013751,WC.chr.10.24
10:133978962:C:T,10,133978962,T,C,0.0131154,WC.chr.10.25
10:27515564:C:T,10,27515564,T,C,0.0213602,WC.chr.10.4
10:33957467:A:T,10,33957467,A,T,0.0172272,WC.chr.10.6
10:34926653:A:C,10,34926653,C,A,0.0129002,WC.chr.10.7
10:36230921:C:T,10,36230921,T,C,0.0119132,WC.chr.10.8
11:89922417:A:G,11,89922417,G,A,0.0152554,WC.chr.11.15
11:116781545:A:C,11,116781545,A,C,0.0237018,WC.chr.11.19
11:131465127:C:T,11,131465127,C,T,0.0118812,WC.chr.11.24
11:134601012:G:T,11,134601012,G,T,0.0188361,WC.chr.11.28
11:13346294:C:T,11,13346294,C,T,0.0156882,WC.chr.11.5
11:27679916:C:T,11,27679916,C,T,0.0243427,WC.chr.11.6
11:27709630:C:G,11,27709630,G,C,0.022687,WC.chr.11.6
11:30430332:C:G,11,30430332,G,C,0.0192151,WC.chr.11.8
11:43532201:C:T,11,43532201,C,T,0.0137041,WC.chr.11.9
11:43692423:A:G,11,43692423,G,A,0.0217738,WC.chr.11.9
11:43934592:C:T,11,43934592,C,T,0.0126891,WC.chr.11.9
12:991306:A:G,12,991306,A,G,0.0222768,WC.chr.12.1
12:56497903:C:T,12,56497903,C,T,0.0154581,WC.chr.12.12
12:62263645:A:C,12,62263645,C,A,0.0120333,WC.chr.12.13
12:89771903:C:T,12,89771903,C,T,0.017156,WC.chr.12.15
12:90477383:C:CTTT,12,90477383,CTTT,C,0.0134087,WC.chr.12.15
12:97584357:C:T,12,97584357,T,C,0.0160154,WC.chr.12.17
12:103680717:C:CA,12,103680717,C,CA,0.0188539,WC.chr.12.19
12:108417780:C:G,12,108417780,G,C,0.0179338,WC.chr.12.21
12:108618630:C:T,12,108618630,C,T,0.0178127,WC.chr.12.22
12:114427880:A:G,12,114427880,G,A,0.0235834,WC.chr.12.24
12:133465870:C:CA,12,133465870,CA,C,0.0153532,WC.chr.12.30
12:41887940:C:T,12,41887940,T,C,0.0166161,WC.chr.12.9
13:86348555:A:G,13,86348555,G,A,0.0147433,WC.chr.13.11
13:97047020:A:G,13,97047020,A,G,0.0150118,WC.chr.13.12
13:111982615:A:G,13,111982615,A,G,0.0135607,WC.chr.13.16
13:112188236:C:T,13,112188236,C,T,0.0142071,WC.chr.13.17
13:31042452:G:T,13,31042452,G,T,0.0150758,WC.chr.13.3
13:40787036:C:G,13,40787036,C,G,0.0139657,WC.chr.13.5
13:67492419:C:T,13,67492419,T,C,0.0129653,WC.chr.13.9
14:94023972:A:G,14,94023972,A,G,0.0176131,WC.chr.14.16
14:23755598:A:G,14,23755598,G,A,0.014371,WC.chr.14.2
14:103251452:G:T,14,103251452,T,G,0.015526,WC.chr.14.21
14:25936118:G:GT,14,25936118,G,GT,0.0204075,WC.chr.14.3
14:29718644:A:AT,14,29718644,A,AT,0.0175946,WC.chr.14.4
14:33292743:A:C,14,33292743,A,C,0.0138247,WC.chr.14.5
14:47306418:A:G,14,47306418,G,A,0.0129975,WC.chr.14.9
15:60918103:A:T,15,60918103,T,A,0.01228,WC.chr.15.10
15:62367013:C:T,15,62367013,T,C,0.04237,WC.chr.15.11
15:73093991:C:T,15,73093991,T,C,0.015121,WC.chr.15.13
15:79403585:C:T,15,79403585,C,T,0.0135208,WC.chr.15.15
15:80989172:C:T,15,80989172,C,T,0.0154769,WC.chr.15.16
15:36391965:C:T,15,36391965,T,C,0.0134029,WC.chr.15.2
15:92574321:A:C,15,92574321,A,C,0.0161214,WC.chr.15.20
15:95274349:A:G,15,95274349,G,A,0.0117017,WC.chr.15.21
15:53156672:A:G,15,53156672,A,G,0.0141065,WC.chr.15.6
15:57120989:A:G,15,57120989,G,A,0.01538,WC.chr.15.8
16:407604:A:C,16,407604,A,C,0.014584,WC.chr.16.1
16:24733751:C:T,16,24733751,T,C,0.0188594,WC.chr.16.13
16:29994922:C:T,16,29994922,T,C,0.0265534,WC.chr.16.16
16:31025641:C:T,16,31025641,C,T,0.0172531,WC.chr.16.16
16:76703755:G:T,16,76703755,T,G,0.0155991,WC.chr.16.22
16:81534790:C:T,16,81534790,T,C,0.00877931,WC.chr.16.23
17:34866546:C:T,17,34866546,C,T,0.0167889,WC.chr.17.11
17:39261560:A:T,17,39261560,T,A,0.0150984,WC.chr.17.12
17:65854602:C:T,17,65854602,T,C,0.0263371,WC.chr.17.19
17:5317610:C:G,17,5317610,C,G,0.0133772,WC.chr.17.3
18:57849023:A:G,18,57849023,A,G,0.0423694,WC.chr.18.15
18:57955945:G:T,18,57955945,G,T,0.017358,WC.chr.18.15
18:58033834:A:T,18,58033834,T,A,0.0935538,WC.chr.18.15
18:63315068:C:G,18,63315068,C,G,0.0144007,WC.chr.18.17
18:2701762:A:C,18,2701762,C,A,0.0137503,WC.chr.18.3
18:20707972:G:GT,18,20707972,GT,G,0.0168683,WC.chr.18.5
18:21109466:G:T,18,21109466,G,T,0.0211254,WC.chr.18.5
18:39605066:A:G,18,39605066,G,A,0.0218469,WC.chr.18.9
18:40701257:C:CTAATTA,18,40701257,CTAATTA,C,0.0178964,WC.chr.18.9
19:32953101:A:T,19,32953101,T,A,0.0143915,WC.chr.19.12
19:33926402:C:T,19,33926402,T,C,0.0135618,WC.chr.19.13
19:46182304:A:T,19,46182304,T,A,0.0294475,WC.chr.19.16
19:18326222:C:T,19,18326222,C,T,0.0227818,WC.chr.19.7
19:18471610:A:C,19,18471610,C,A,0.0202134,WC.chr.19.7
19:18812785:A:G,19,18812785,A,G,0.0173016,WC.chr.19.8
2:50241865:A:T,2,50241865,T,A,0.0168304,WC.chr.2.13
2:50751414:A:C,2,50751414,C,A,0.0125591,WC.chr.2.13
2:54219967:C:CA,2,54219967,C,CA,0.0128014,WC.chr.2.14
2:56608267:A:C,2,56608267,A,C,0.0123402,WC.chr.2.16
2:58935282:G:T,2,58935282,T,G,0.0177687,WC.chr.2.16
2:69627837:A:AT,2,69627837,A,AT,0.0128207,WC.chr.2.21
2:86855977:A:G,2,86855977,A,G,0.0143079,WC.chr.2.24
2:113953973:A:AT,2,113953973,A,AT,0.0123918,WC.chr.2.29
2:133523140:C:CCACCCAAAGTGCTGGGATT,2,133523140,CCACCCAAAGTGCTGGGATT,C,0.0156874,WC.chr.2.30
2:147903802:A:G,2,147903802,G,A,0.0142761,WC.chr.2.34
2:181567556:A:T,2,181567556,A,T,0.0166966,WC.chr.2.43
2:200781113:C:CT,2,200781113,C,CT,0.0128808,WC.chr.2.46
2:203652838:C:T,2,203652838,C,T,0.013686,WC.chr.2.47
2:212035193:G:T,2,212035193,G,T,0.0135819,WC.chr.2.50
2:212295468:G:GTA,2,212295468,G,GTA,0.0134678,WC.chr.2.51
2:217325778:G:GGT,2,217325778,GGT,G,0.0118209,WC.chr.2.53
2:228996202:C:CT,2,228996202,CT,C,0.0151822,WC.chr.2.55
2:28973276:A:G,2,28973276,A,G,0.0125962,WC.chr.2.6
2:37021090:C:G,2,37021090,C,G,0.0124474,WC.chr.2.9
20:61544714:C:T,20,61544714,T,C,0.0120723,WC.chr.20.12
20:17128745:A:C,20,17128745,C,A,0.0132673,WC.chr.20.2
20:32595626:C:CAA,20,32595626,CAA,C,0.0117903,WC.chr.20.4
20:34646798:C:T,20,34646798,C,T,0.016784,WC.chr.20.4
20:41986507:C:T,20,41986507,T,C,0.0196517,WC.chr.20.5
21:40296411:C:T,21,40296411,T,C,0.0159256,WC.chr.21.1
3:42329113:G:T,3,42329113,G,T,0.0208906,WC.chr.3.12
3:42417982:C:T,3,42417982,C,T,0.0145523,WC.chr.3.13
3:61208619:C:G,3,61208619,C,G,0.0204924,WC.chr.3.16
3:62482927:G:T,3,62482927,T,G,0.0189508,WC.chr.3.18
3:88097699:A:AAAT,3,88097699,AAAT,A,0.0199025,WC.chr.3.23
3:94038085:C:G,3,94038085,C,G,0.0191403,WC.chr.3.23
3:104612668:A:G,3,104612668,G,A,0.0143123,WC.chr.3.25
3:123060138:G:GC,3,123060138,GC,G,0.013802,WC.chr.3.30
3:136328270:C:T,3,136328270,C,T,0.01967,WC.chr.3.34
3:153657951:C:G,3,153657951,C,G,0.0130195,WC.chr.3.37
3:12329279:C:T,3,12329279,C,T,0.0160959,WC.chr.3.4
3:161447374:A:G,3,161447374,A,G,0.0124782,WC.chr.3.40
3:170734443:T:TA,3,170734443,TA,T,0.0167998,WC.chr.3.41
3:196146192:C:T,3,196146192,C,T,0.0130718,WC.chr.3.48
3:12926096:C:T,3,12926096,C,T,0.0155021,WC.chr.3.5
3:15807354:C:CAA,3,15807354,CAA,C,0.013827,WC.chr.3.6
3:20506229:C:T,3,20506229,T,C,0.0115639,WC.chr.3.7
4:951179:A:G,4,951179,G,A,0.0126765,WC.chr.4.1
4:49303827:A:G,4,49303827,G,A,0.0136411,WC.chr.4.11
4:6490409:T:TA,4,6490409,T,TA,0.011315,WC.chr.4.2
4:96157764:A:AG,4,96157764,A,AG,0.0135972,WC.chr.4.22
4:130724740:C:T,4,130724740,T,C,0.0129668,WC.chr.4.27
4:137094048:A:C,4,137094048,C,A,0.0143982,WC.chr.4.28
4:140874760:A:G,4,140874760,G,A,0.01527,WC.chr.4.29
4:16909180:C:G,4,16909180,C,G,0.0131864,WC.chr.4.3
4:180167906:A:G,4,180167906,G,A,0.0119602,WC.chr.4.34
4:28526950:A:AAAAC,4,28526950,AAAAC,A,0.018578,WC.chr.4.8
5:236760:A:C,5,236760,A,C,0.0211731,WC.chr.5.1
5:66200783:C:T,5,66200783,T,C,0.0150326,WC.chr.5.10
5:76581592:C:CT,5,76581592,C,CT,0.0132795,WC.chr.5.13
5:86494757:C:T,5,86494757,T,C,0.0128319,WC.chr.5.16
5:87712913:A:G,5,87712913,G,A,0.0241896,WC.chr.5.16
5:87969937:C:T,5,87969937,C,T,0.0312003,WC.chr.5.16
5:103942060:A:AT,5,103942060,A,AT,0.0148001,WC.chr.5.20
5:107478679:T:TATAATA,5,107478679,T,TATAATA,0.0173641,WC.chr.5.23
5:113986346:A:G,5,113986346,A,G,0.014285,WC.chr.5.26
5:115710803:C:T,5,115710803,T,C,0.0129577,WC.chr.5.27
5:119313819:A:AC,5,119313819,A,AC,0.0138936,WC.chr.5.28
5:153095918:A:G,5,153095918,A,G,0.0136197,WC.chr.5.35
5:153537893:G:T,5,153537893,G,T,0.014951,WC.chr.5.35
5:53306690:G:T,5,53306690,T,G,0.0133413,WC.chr.5.5
5:63020950:G:GA,5,63020950,GA,G,0.0122697,WC.chr.5.8
5:63932234:C:G,5,63932234,C,G,0.0120493,WC.chr.5.9
6:20488897:A:G,6,20488897,A,G,0.0119544,WC.chr.6.10
6:23716948:A:G,6,23716948,G,A,0.0126225,WC.chr.6.11
6:26168903:A:G,6,26168903,A,G,0.0241106,WC.chr.6.12
6:26583366:C:T,6,26583366,T,C,0.0121718,WC.chr.6.12
6:31585000:A:T,6,31585000,A,T,0.0189447,WC.chr.6.12
6:33308607:A:G,6,33308607,G,A,0.0224322,WC.chr.6.12
6:47796296:A:C,6,47796296,A,C,0.0130911,WC.chr.6.18
6:50615935:A:G,6,50615935,G,A,0.0268804,WC.chr.6.19
6:50816887:G:T,6,50816887,T,G,0.0336711,WC.chr.6.19
6:51169536:A:C,6,51169536,A,C,0.0118778,WC.chr.6.19
6:51760527:C:T,6,51760527,T,C,0.0156017,WC.chr.6.19
6:70195719:A:C,6,70195719,C,A,0.0131514,WC.chr.6.21
6:81346033:C:T,6,81346033,C,T,0.0118215,WC.chr.6.24
6:90613945:A:G,6,90613945,A,G,0.0167276,WC.chr.6.26
6:97752902:C:G,6,97752902,C,G,0.0148444,WC.chr.6.29
6:108888593:C:G,6,108888593,G,C,0.02084,WC.chr.6.32
6:120217286:A:AGTGTGTGTGT,6,120217286,AGTGTGTGTGT,A,0.0126408,WC.chr.6.34
6:124897878:G:T,6,124897878,G,T,0.0143928,WC.chr.6.35
6:143186572:G:GA,6,143186572,GA,G,0.0124824,WC.chr.6.38
6:153478557:A:G,6,153478557,A,G,0.0125299,WC.chr.6.40
6:19724989:C:T,6,19724989,T,C,0.0121884,WC.chr.6.8
7:1380226:C:T,7,1380226,T,C,0.0131967,WC.chr.7.1
7:50564204:G:T,7,50564204,G,T,0.0137884,WC.chr.7.12
7:76631727:A:G,7,76631727,G,A,0.0217063,WC.chr.7.16
7:1872921:C:T,7,1872921,T,C,0.0150874,WC.chr.7.2
7:99023246:C:G,7,99023246,C,G,0.0201005,WC.chr.7.20
7:113035833:C:T,7,113035833,C,T,0.0148802,WC.chr.7.24
7:114559359:A:G,7,114559359,G,A,0.0227826,WC.chr.7.25
7:147676877:A:G,7,147676877,A,G,0.0130943,WC.chr.7.29
7:150684390:C:CAAA,7,150684390,C,CAAA,0.012821,WC.chr.7.30
7:150798980:A:G,7,150798980,A,G,0.0146052,WC.chr.7.30
7:5539725:T:TA,7,5539725,T,TA,0.0181006,WC.chr.7.5
7:32378979:A:G,7,32378979,G,A,0.0146786,WC.chr.7.8
8:64702385:A:T,8,64702385,A,T,0.0139629,WC.chr.8.12
8:76660225:A:G,8,76660225,G,A,0.0125096,WC.chr.8.15
8:77224420:C:T,8,77224420,C,T,0.0138742,WC.chr.8.15
8:78876167:C:G,8,78876167,G,C,0.0118802,WC.chr.8.16
8:116551405:C:G,8,116551405,C,G,0.014234,WC.chr.8.20
8:116671848:A:G,8,116671848,G,A,0.0182082,WC.chr.8.20
8:143300279:A:G,8,143300279,A,G,0.0133792,WC.chr.8.23
8:23364378:A:G,8,23364378,G,A,0.016642,WC.chr.8.4
8:25664336:A:T,8,25664336,A,T,0.0115051,WC.chr.8.5
8:32400115:C:T,8,32400115,C,T,0.0116287,WC.chr.8.9
9:37081301:A:G,9,37081301,A,G,0.0131133,WC.chr.9.10
9:81370555:A:G,9,81370555,G,A,0.0130948,WC.chr.9.11
9:92178472:A:T,9,92178472,A,T,0.0127478,WC.chr.9.14
9:96395221:G:GCTGT,9,96395221,G,GCTGT,0.0125283,WC.chr.9.16
9:102119090:A:G,9,102119090,G,A,0.0129727,WC.chr.9.17
9:103122197:G:T,9,103122197,G,T,0.0137241,WC.chr.9.17
9:124627012:A:G,9,124627012,A,G,0.0126025,WC.chr.9.23
9:126586563:A:C,9,126586563,A,C,0.016235,WC.chr.9.24
9:131026108:A:G,9,131026108,A,G,0.0161846,WC.chr.9.26
9:16712247:A:T,9,16712247,A,T,0.0180694,WC.chr.9.5
9:27801795:A:AT,9,27801795,A,AT,0.0123233,WC.chr.9.6
