SNP_ID,CHR,BP,EA,NEA,BETA
1:46185726:A:G,1,46185726,A,G,0.030036526687939
1:77421888:A:G,1,77421888,A,G,0.0186144183055746
1:77945635:A:G,1,77945635,A,G,0.00796572443096322
1:78450517:A:C,1,78450517,A,C,0.0362568375981659
1:78595381:G:T,1,78595381,T,G,0.0123192104723205
1:110082551:G:T,1,110082551,G,T,0.0525769130827728
1:110119732:C:T,1,110119732,T,C,0.0122103757927949
1:110232801:A:G,1,110232801,A,G,0.0113827204247222
10:102359760:A:G,10,102359760,G,A,0.0182711428037713
10:102424219:A:G,10,102424219,G,A,0.010861414703611
10:102447647:A:C,10,102447647,C,A,0.0200208157955786
11:370252:C:T,11,370252,T,C,0.0191452231095556
11:27901952:C:T,11,27901952,C,T,0.0203519825257845
11:64004723:C:G,11,64004723,G,C,0.0286656961732799
11:64070930:C:T,11,64070930,T,C,0.0212703295121411
11:64367589:A:G,11,64367589,A,G,0.0126019761205876
12:53511267:C:T,12,53511267,T,C,0.0132915400979928
12:53860781:A:G,12,53860781,A,G,0.0165044402528005
12:57824981:C:CCTT,12,57824981,C,CCTT,0.0250977936617597
12:85727948:A:G,12,85727948,A,G,0.0148308057567724
12:4430340:A:AGCCGGCCGGCT,12,4430340,A,AGCCGGCCGGCT,0.0328764762160613
12:120747517:C:CT,12,120747517,CT,C,0.00934479512876484
12:120867798:A:G,12,120867798,A,G,0.0400063946920866
14:79890677:C:T,14,79890677,T,C,0.0205327114624084
14:79899454:C:T,14,79899454,T,C,0.0122884093740019
14:35864990:C:T,14,35864990,C,T,0.0136349209746134
14:36117671:C:CA,14,36117671,CA,C,0.0110242665773014
14:41475003:A:G,14,41475003,A,G,0.0185517470378284
15:99274326:C:T,15,99274326,C,T,0.0155117868486235
15:99318761:C:T,15,99318761,T,C,0.0305380410340667
15:99395834:C:G,15,99395834,C,G,0.0194383424716157
15:44011204:C:CAGAG,15,44011204,CAGAG,C,0.0845022485837825
16:51823729:C:T,16,51823729,C,T,0.0205508276421904
16:69884289:C:CA,16,69884289,CA,C,0.0137039545608922
16:70252464:C:CA,16,70252464,C,CA,0.0169859411156231
16:72251132:C:T,16,72251132,T,C,0.0122314097315776
16:72505534:C:T,16,72505534,T,C,0.018095378402614
16:2797161:C:T,16,2797161,T,C,0.0621076039004776
17:27889643:C:T,17,27889643,C,T,0.0472945808438537
17:29181220:A:AT,17,29181220,A,AT,0.0174349412833659
17:29729250:C:T,17,29729250,T,C,0.0147522806595721
17:45771933:C:G,17,45771933,G,C,0.00872353543106148
17:46102198:C:CT,17,46102198,CT,C,0.0138603937538474
17:46194264:C:T,17,46194264,T,C,0.0369713562835949
17:7559037:C:T,17,7559037,C,T,0.0183348240111845
17:7571752:G:T,17,7571752,G,T,0.0572605946149903
18:60788745:A:G,18,60788745,A,G,0.0192457030539933
18:1839339:C:T,18,1839339,T,C,0.0174602358270651
19:31000154:A:AAT,19,31000154,A,AAT,0.0163792130309703
19:46181392:C:G,19,46181392,G,C,0.0296884734910004
19:46247307:C:CT,19,46247307,CT,C,0.0138859145585623
19:8670147:C:T,19,8670147,C,T,0.039614195607217
2:384236:A:G,2,384236,G,A,0.00639469361691949
2:409112:A:G,2,409112,G,A,0.00500128665591691
2:417167:C:T,2,417167,T,C,0.07711826188384
2:633053:A:AC,2,633053,AC,A,0.0530279651020631
2:136407479:A:G,2,136407479,A,G,0.0138640966959565
2:25159399:G:GC,2,25159399,GC,G,0.0218045226080554
2:25460363:A:G,2,25460363,G,A,0.0322402317153123
2:25486770:C:T,2,25486770,T,C,0.0150037082204611
2:25554518:A:T,2,25554518,A,T,0.0175036433622239
2:219720952:T:TAGG,2,219720952,TAGG,T,0.0336360818173643
20:57444915:A:G,20,57444915,G,A,0.00823263866330653
20:57466093:G:T,20,57466093,G,T,0.0500836735660491
20:57476890:A:G,20,57476890,G,A,0.0125154252627187
20:39178923:A:G,20,39178923,G,A,0.010874626046966
20:39179822:C:G,20,39179822,G,C,0.0344785868118322
21:17386870:A:G,21,17386870,G,A,0.0161839411253396
3:9497884:C:T,3,9497884,T,C,0.0363582927732034
4:102707791:A:G,4,102707791,A,G,0.0238110684642034
4:102709308:C:T,4,102709308,C,T,0.0125786762237939
4:103374760:A:G,4,103374760,A,G,0.0270485952575073
5:118726662:C:T,5,118726662,C,T,0.0157317414346182
5:119313819:A:AC,5,119313819,A,AC,0.0114435385594847
5:153089361:A:T,5,153089361,A,T,0.0159170915359367
5:153543466:A:G,5,153543466,A,G,0.0153731609672135
5:50499689:A:G,5,50499689,A,G,0.00894193965465135
5:50932343:C:T,5,50932343,T,C,0.0436819139512945
6:26180634:C:G,6,26180634,G,C,0.0333782217825785
6:26594542:C:CAA,6,26594542,C,CAA,0.0149759145611358
6:28736484:C:T,6,28736484,C,T,0.0128689782672359
6:31257625:C:T,6,31257625,T,C,0.0173019168801347
6:31367322:A:C,6,31367322,A,C,0.0300823928996365
6:31591218:A:G,6,31591218,A,G,0.0123516702886475
6:32173813:C:CA,6,32173813,C,CA,0.0196830598314209
6:32680423:A:G,6,32680423,G,A,0.0123095870756662
6:33459829:C:T,6,33459829,C,T,0.0190020146248076
6:41903798:A:C,6,41903798,C,A,0.0696523456525697
6:41924278:C:T,6,41924278,T,C,0.0197592470643297
6:126090277:C:T,6,126090277,C,T,0.018119726061077
6:126579388:A:G,6,126579388,A,G,0.0172388699892516
6:127091800:C:CTG,6,127091800,CTG,C,0.0167822226518192
6:127397559:C:T,6,127397559,T,C,0.0164085863796744
6:127454893:A:G,6,127454893,G,A,0.0553830501161283
6:19839415:C:T,6,19839415,T,C,0.0393503329180645
7:74347183:G:T,7,74347183,T,G,0.0230818873759906
7:75050086:C:T,7,75050086,C,T,0.0173838361232932
7:76814053:A:C,7,76814053,C,A,0.0232176555902446
7:77417584:C:T,7,77417584,C,T,0.0182035247923521
8:106004770:A:G,8,106004770,A,G,0.0230785390924593
9:98265901:A:G,9,98265901,G,A,0.0299383578329
9:98281311:C:G,9,98281311,C,G,0.0136952949132977
9:15511799:G:T,9,15511799,G,T,0.0302888882795491
9:15910044:A:C,9,15910044,A,C,0.0135649859096265
1:1590291:C:G,1,1590291,C,G,0.0139398817619654
1:31405509:T:TA,1,31405509,T,TA,0.0127630905718584
1:32128283:C:G,1,32128283,C,G,0.012008419809983
1:33234128:A:G,1,33234128,G,A,0.0210022592188209
1:33775350:A:G,1,33775350,G,A,0.0160054472767694
1:34598567:C:CT,1,34598567,CT,C,0.0119396470909793
1:39571992:G:T,1,39571992,G,T,0.0177296737577427
1:41547491:T:TA,1,41547491,T,TA,0.0155661833815645
1:42473397:C:T,1,42473397,T,C,0.0186336534809444
1:47704128:G:GCT,1,47704128,GCT,G,0.0144034229143072
1:49732280:A:AACAC,1,49732280,A,AACAC,0.0144697868683944
1:51095195:A:G,1,51095195,A,G,0.0260760636613192
1:1866376:A:G,1,1866376,A,G,0.0134506651061406
1:54848105:C:G,1,54848105,C,G,0.0124899944463068
1:56979076:A:G,1,56979076,A,G,0.0133835586012194
1:62570321:A:G,1,62570321,G,A,0.0167964490877807
1:66419905:A:G,1,66419905,G,A,0.0152434198809041
1:72751552:A:G,1,72751552,A,G,0.0296950932341508
1:72762169:C:T,1,72762169,C,T,0.0148252773884305
1:75000417:C:CT,1,75000417,CT,C,0.0142100709309887
1:85923920:A:G,1,85923920,A,G,0.0128507712043491
1:89979070:G:GCACA,1,89979070,G,GCACA,0.014015320002476
1:2725475:A:C,1,2725475,A,C,0.0114547433848353
1:96940119:A:G,1,96940119,G,A,0.0185101729287064
1:98315893:A:G,1,98315893,G,A,0.0154549352999915
1:102576964:A:G,1,102576964,G,A,0.0135329571504875
1:103385373:A:G,1,103385373,G,A,0.0131714467997104
1:106890713:A:C,1,106890713,A,C,0.011111211573827
1:107885018:C:G,1,107885018,G,C,0.0132495044542947
1:107971673:A:C,1,107971673,C,A,0.013832988751371
1:112289983:C:T,1,112289983,T,C,0.0118970079972564
1:119549418:C:T,1,119549418,C,T,0.0185559364063184
1:7736792:A:G,1,7736792,A,G,0.0123973506159329
1:149906413:C:T,1,149906413,C,T,0.0187780324516915
1:150389358:A:AC,1,150389358,AC,A,0.0139299692449779
1:154989823:T:TGGGGGCAGTAGAGGGGGCAGTAGA,1,154989823,TGGGGGCAGTAGAGGGGGCAGTAGA,T,0.0261725625908241
1:156489543:A:G,1,156489543,A,G,0.0128819202294239
1:161163037:C:T,1,161163037,T,C,0.0117130393691773
1:166027202:G:GT,1,166027202,G,GT,0.0111697747259362
1:170319281:A:G,1,170319281,A,G,0.0158315318602649
1:172133448:G:T,1,172133448,G,T,0.0125715546372339
1:172363524:C:T,1,172363524,T,C,0.0112439720041745
1:173914263:C:CT,1,173914263,C,CT,0.0160772577215602
1:176340916:T:TTGTG,1,176340916,TTGTG,T,0.0132034695558888
1:177889480:A:G,1,177889480,G,A,0.0441694623369177
1:11214584:A:C,1,11214584,C,A,0.0163788528965834
1:184007119:C:T,1,184007119,T,C,0.0122950732330492
1:190272034:C:T,1,190272034,T,C,0.0157910545957339
1:195029618:C:CT,1,195029618,C,CT,0.0148304215200709
1:201800511:G:T,1,201800511,G,T,0.020652370440072
1:201926403:G:T,1,201926403,G,T,0.0229127139860568
1:203491150:A:G,1,203491150,A,G,0.0175950354125333
1:203517292:A:G,1,203517292,G,A,0.0163730628184952
1:205723572:C:T,1,205723572,C,T,0.0107904092338388
1:209256871:G:GC,1,209256871,GC,G,0.0099772531731879
1:209519772:C:G,1,209519772,C,G,0.0206860265562061
1:210301331:C:T,1,210301331,T,C,0.0112236936248638
1:11923338:C:G,1,11923338,C,G,0.0194322020357693
1:217817062:A:C,1,217817062,C,A,0.0124635876771631
1:218634787:A:G,1,218634787,G,A,0.0165818147893693
1:218991789:A:T,1,218991789,T,A,0.0123965815934023
1:219742537:C:T,1,219742537,T,C,0.0302632799503405
1:222112634:A:G,1,222112634,A,G,0.0128196838878595
1:242990332:A:G,1,242990332,G,A,0.0113240596430048
1:14007649:A:G,1,14007649,G,A,0.0131126510533439
1:22436446:C:G,1,22436446,C,G,0.0151390664850297
1:22695412:C:T,1,22695412,T,C,0.0115809458330095
1:23425139:A:G,1,23425139,G,A,0.0152465254014705
10:16744334:A:G,10,16744334,G,A,0.0144788655414067
10:88030441:C:T,10,88030441,T,C,0.0134859139824312
10:99778226:A:G,10,99778226,G,A,0.0185336310585796
10:102626510:G:T,10,102626510,T,G,0.018164117635425
10:104776527:A:G,10,104776527,A,G,0.0273450187999786
10:113940329:C:T,10,113940329,C,T,0.0144700985288834
10:114722134:C:CT,10,114722134,CT,C,0.0143455854461454
10:114754784:C:T,10,114754784,T,C,0.0167282974658191
10:114866172:A:G,10,114866172,A,G,0.0147828481391966
10:118778079:A:C,10,118778079,A,C,0.0160758882617753
10:120465796:C:G,10,120465796,G,C,0.0193210443792084
10:21830104:A:G,10,21830104,G,A,0.0198950387862869
10:122061612:A:G,10,122061612,G,A,0.0111112602016967
10:122837580:A:T,10,122837580,A,T,0.0191364273025822
10:122903882:C:T,10,122903882,T,C,0.0248239299833832
10:124144124:C:CAA,10,124144124,C,CAA,0.0116623345885087
10:125220036:A:G,10,125220036,A,G,0.014423702152685
10:126480556:C:T,10,126480556,C,T,0.0129336933149133
10:126733015:A:AACAG,10,126733015,AACAG,A,0.0141114708480134
10:134000962:A:G,10,134000962,G,A,0.0123295207692639
10:22832662:C:T,10,22832662,C,T,0.0116472837803054
10:27909042:C:T,10,27909042,T,C,0.0123831362586194
10:34019293:C:T,10,34019293,T,C,0.0210376732537823
10:53680099:A:G,10,53680099,A,G,0.0115981247987862
10:70311875:A:G,10,70311875,G,A,0.0212684295982471
10:77295957:A:G,10,77295957,G,A,0.0194586776615205
10:77423623:C:T,10,77423623,T,C,0.014483752459571
10:81109708:C:T,10,81109708,T,C,0.0110955305497643
11:27679916:C:T,11,27679916,C,T,0.0266132746490193
11:27712381:A:G,11,27712381,G,A,0.0237983483874917
11:27791178:A:C,11,27791178,A,C,0.0140306681859525
11:28583215:G:T,11,28583215,G,T,0.0141890389528418
11:28742220:A:C,11,28742220,A,C,0.0131123204351843
11:29250235:T:TTGTG,11,29250235,TTGTG,T,0.0119869993839644
11:30435051:G:T,11,30435051,T,G,0.0184497782612429
11:43681372:A:G,11,43681372,A,G,0.0223804431037493
11:43883280:C:T,11,43883280,C,T,0.0174986395833281
11:46012263:G:GT,11,46012263,GT,G,0.0197296289769196
11:47604639:C:T,11,47604639,T,C,0.0221208584724808
11:62378221:A:G,11,62378221,A,G,0.0118411909002373
11:838842:C:G,11,838842,G,C,0.0125394607403286
11:65924217:C:G,11,65924217,C,G,0.0155013336658991
11:66913469:G:GT,11,66913469,G,GT,0.0264053131323601
11:68870396:A:C,11,68870396,C,A,0.0120341218920482
11:69143284:A:G,11,69143284,G,A,0.0159584401007299
11:69247147:C:T,11,69247147,C,T,0.0159440213427392
11:69482091:A:C,11,69482091,A,C,0.0152578856589248
11:69912521:A:T,11,69912521,T,A,0.0128718423438325
11:72435983:A:G,11,72435983,G,A,0.0155035487963958
11:89250800:A:AT,11,89250800,AT,A,0.0125674995584067
11:93211764:A:G,11,93211764,A,G,0.0107130386895584
11:2179864:A:AGCCCT,11,2179864,AGCCCT,A,0.0168514647658521
11:115078492:C:T,11,115078492,T,C,0.0111626616561894
11:119040463:C:G,11,119040463,G,C,0.0102096559625895
11:120292477:C:T,11,120292477,T,C,0.0152771137167268
11:121938945:C:T,11,121938945,C,T,0.011938928096784
11:122765667:A:C,11,122765667,A,C,0.0129122282166211
11:130749351:T:TAG,11,130749351,T,TAG,0.0141336423274267
11:132641959:C:T,11,132641959,C,T,0.0111448305698919
11:133712682:A:G,11,133712682,A,G,0.0151203371988934
11:134611807:C:T,11,134611807,T,C,0.0157255244494263
11:2813004:T:TG,11,2813004,TG,T,0.0209798167349648
11:2813322:C:T,11,2813322,C,T,0.0433612829224793
11:2841794:C:CTGTT,11,2841794,CTGTT,C,0.0214366738320344
11:8694830:A:G,11,8694830,G,A,0.0143487010087742
11:9546587:A:G,11,9546587,A,G,0.0109103246495039
11:13268144:C:T,11,13268144,C,T,0.0155875400322572
11:14337575:C:CA,11,14337575,CA,C,0.0270649363150822
12:939480:G:T,12,939480,T,G,0.0206024166438283
12:26470850:A:T,12,26470850,T,A,0.0182930787438934
12:28382723:G:GT,12,28382723,G,GT,0.0117235946259865
12:41910629:C:T,12,41910629,T,C,0.0121736944434138
12:46837624:G:T,12,46837624,G,T,0.0127628455926439
12:50263148:A:G,12,50263148,A,G,0.0264091542937562
12:56364321:A:G,12,56364321,A,G,0.0140549260224476
12:57146069:G:T,12,57146069,T,G,0.0161781700535197
12:62266487:C:T,12,62266487,T,C,0.012389090431941
12:2159556:A:G,12,2159556,G,A,0.0119183856236375
12:63003410:G:GAAA,12,63003410,G,GAAA,0.0130710078261919
12:66347368:G:T,12,66347368,G,T,0.0153180134747293
12:77457439:A:G,12,77457439,A,G,0.0127210995967064
12:89757937:A:G,12,89757937,G,A,0.0124170180481677
12:90221127:T:TA,12,90221127,TA,T,0.0154492085015425
12:91243910:A:G,12,91243910,G,A,0.0108547228498054
12:93989683:A:AT,12,93989683,AT,A,0.0150410785116601
12:97556947:A:G,12,97556947,A,G,0.0167065374480368
12:97792368:T:TG,12,97792368,T,TG,0.0119869479596867
12:99459391:C:T,12,99459391,T,C,0.0127023516466116
12:2502572:G:T,12,2502572,G,T,0.00964371870074865
12:102754331:C:G,12,102754331,G,C,0.0103071134702732
12:103055960:A:G,12,103055960,A,G,0.0145299820132439
12:103651399:G:GA,12,103651399,G,GA,0.0164082782595985
12:107222989:C:T,12,107222989,C,T,0.0115085196165941
12:108093596:C:T,12,108093596,T,C,0.0128198723967467
12:108946318:C:CA,12,108946318,CA,C,0.0148530239325901
12:110836225:G:GA,12,110836225,G,GA,0.0155767426419479
12:112553032:A:T,12,112553032,T,A,0.0123848696496214
12:116196322:A:G,12,116196322,A,G,0.0190316111623001
12:116450006:C:T,12,116450006,T,C,0.0152549601259013
12:120384155:G:T,12,120384155,G,T,0.0377728044635897
12:122462486:C:T,12,122462486,C,T,0.011991616823277
12:122603392:C:CA,12,122603392,CA,C,0.0188456903849162
12:122989412:A:G,12,122989412,A,G,0.0210455512168719
12:123189794:C:T,12,123189794,T,C,0.0152911812524858
12:124474432:T:TTCTAATGACCAAATCCTA,12,124474432,TTCTAATGACCAAATCCTA,T,0.0168002587367125
12:124509177:A:G,12,124509177,G,A,0.0177894643773827
12:124820705:A:G,12,124820705,A,G,0.0229783117947878
12:133404805:C:G,12,133404805,G,C,0.0172672548782586
12:133781163:A:G,12,133781163,G,A,0.014032316425926
12:9119645:A:G,12,9119645,A,G,0.0101106763582466
12:16470918:C:T,12,16470918,T,C,0.0180770826798706
12:17212881:A:G,12,17212881,G,A,0.011290036221788
12:20463526:A:G,12,20463526,G,A,0.0117363629570335
12:24022704:A:C,12,24022704,C,A,0.0112047198357765
13:28012527:A:G,13,28012527,G,A,0.0188024190137193
13:64799819:C:CT,13,64799819,C,CT,0.0126197608191687
13:66204127:C:CT,13,66204127,C,CT,0.0105531242514643
13:67468100:C:T,13,67468100,C,T,0.0109622197020437
13:72366052:A:G,13,72366052,G,A,0.0168935262225247
13:78447519:A:ATG,13,78447519,ATG,A,0.013503663980566
13:79580919:A:G,13,79580919,A,G,0.0167686472710601
13:96983940:C:T,13,96983940,T,C,0.0151522660992541
13:99120484:C:T,13,99120484,T,C,0.0118003443271108
13:109856321:C:T,13,109856321,C,T,0.011936368319767
13:111977280:G:T,13,111977280,G,T,0.0131200205689519
13:28640563:G:T,13,28640563,G,T,0.0121280490337586
13:28674628:C:T,13,28674628,C,T,0.0129544162794707
13:33381721:C:T,13,33381721,C,T,0.0121539095579058
13:40788964:A:T,13,40788964,A,T,0.0146141721290619
13:41256473:G:T,13,41256473,T,G,0.0153478193238217
13:42737268:G:T,13,42737268,T,G,0.0130977279158023
13:50349898:A:G,13,50349898,A,G,0.0584943785279818
13:51047353:C:T,13,51047353,C,T,0.026528944700273
13:51120097:G:GAGTGA,13,51120097,G,GAGTGA,0.0246991031113117
13:54035129:A:G,13,54035129,G,A,0.0124121196198648
13:54104968:C:T,13,54104968,T,C,0.0316602446813959
13:58257667:A:T,13,58257667,T,A,0.0153217917578366
13:59178258:A:G,13,59178258,A,G,0.0167260093373878
14:21976761:A:G,14,21976761,G,A,0.01606766319666
14:52510567:A:G,14,52510567,G,A,0.0110591744372208
14:53383077:G:T,14,53383077,T,G,0.0197292314972375
14:61021891:A:G,14,61021891,A,G,0.0182828552886555
14:62360075:C:T,14,62360075,C,T,0.0178227688289813
14:91517973:A:AG,14,91517973,A,AG,0.0201348807758948
14:93700888:C:CT,14,93700888,CT,C,0.0192308686344548
14:95214776:C:T,14,95214776,T,C,0.0115919580377792
14:99700080:C:T,14,99700080,C,T,0.012231607508039
14:101139647:A:G,14,101139647,G,A,0.0145042571784942
14:23774916:A:G,14,23774916,A,G,0.0176214512434267
14:23794843:G:GT,14,23794843,G,GT,0.0127843407662064
14:101531854:A:G,14,101531854,A,G,0.0152222770818433
14:103251452:G:T,14,103251452,T,G,0.0153065102538457
14:104155402:G:GGT,14,104155402,GGT,G,0.0123328648806967
14:25947436:C:T,14,25947436,T,C,0.0193320843048568
14:29681138:C:G,14,29681138,G,C,0.0158315904860292
14:29744532:A:G,14,29744532,A,G,0.0139604693401825
14:33292743:A:C,14,33292743,A,C,0.0154059831648088
14:35215791:A:G,14,35215791,A,G,0.0174505691963346
14:47303114:G:T,14,47303114,T,G,0.0119224334242376
15:27004095:A:T,15,27004095,A,T,0.01183368298613
15:59096144:G:GA,15,59096144,G,GA,0.0183192935856898
15:60905989:A:G,15,60905989,A,G,0.0134353093093211
15:61447222:T:TA,15,61447222,TA,T,0.0117155134515057
15:62367013:C:T,15,62367013,T,C,0.0423511115390186
15:66797492:A:G,15,66797492,G,A,0.0122092024936267
15:67036982:C:T,15,67036982,C,T,0.0116122794055783
15:68085555:A:G,15,68085555,G,A,0.0249159815077043
15:73086142:A:AT,15,73086142,AT,A,0.0179762414427386
15:79441027:A:G,15,79441027,A,G,0.0149891055927334
15:81059775:A:G,15,81059775,G,A,0.0125684530109819
15:31680016:A:G,15,31680016,A,G,0.017017779863799
15:84445700:T:TG,15,84445700,TG,T,0.0182614523151382
15:89399167:C:T,15,89399167,C,T,0.016435642226185
15:98280959:C:G,15,98280959,C,G,0.0123922381504746
15:99183876:C:T,15,99183876,T,C,0.0203334541107302
15:99240793:A:G,15,99240793,A,G,0.0248702285511217
15:99472734:C:T,15,99472734,T,C,0.0125127988423958
15:40380852:A:G,15,40380852,G,A,0.028890800478877
15:41189005:A:G,15,41189005,G,A,0.0226288254869502
15:42073597:G:GT,15,42073597,G,GT,0.0149703350206923
15:47787970:A:G,15,47787970,A,G,0.0138484023177079
15:51525432:A:AAC,15,51525432,AAC,A,0.0155728003193684
15:51748610:A:G,15,51748610,A,G,0.0125200980399711
15:55644676:A:G,15,55644676,G,A,0.0163601151476915
16:349221:C:T,16,349221,T,C,0.0131172697607197
16:7080320:G:T,16,7080320,T,G,0.0138760494349981
16:9219845:G:T,16,9219845,T,G,0.0150716434658171
16:15124327:C:T,16,15124327,T,C,0.011748725909652
16:19932004:C:CCAA,16,19932004,CCAA,C,0.0187360449287006
16:20011100:A:G,16,20011100,G,A,0.0129782676456246
16:20249395:G:GTACT,16,20249395,GTACT,G,0.0182291046811425
16:20370168:C:G,16,20370168,C,G,0.0160661855875037
16:24735736:C:T,16,24735736,T,C,0.0131096065056294
16:28883241:A:G,16,28883241,G,A,0.0304004195949759
16:30057148:C:T,16,30057148,T,C,0.0233886400269229
16:31011183:A:G,16,31011183,A,G,0.0206582974837562
16:783865:C:T,16,783865,C,T,0.0164856891313566
16:53477732:T:TGGG,16,53477732,T,TGGG,0.0146484678894602
16:53756885:A:G,16,53756885,G,A,0.0330522116307392
16:53806453:A:G,16,53806453,G,A,0.0645822273028791
16:56469030:C:T,16,56469030,C,T,0.015024584255376
16:64696174:C:T,16,64696174,T,C,0.00910754758236443
16:65941121:A:G,16,65941121,A,G,0.00927403655336007
16:72996162:A:G,16,72996162,G,A,0.0159481534718313
16:77234692:A:G,16,77234692,A,G,0.0152949747794075
16:81533922:C:G,16,81533922,G,C,0.0107897046753879
16:82448195:C:G,16,82448195,C,G,0.0158899954133548
16:82652931:C:T,16,82652931,T,C,0.0114824139641583
16:1800649:A:AT,16,1800649,A,AT,0.0145962784089343
16:89232604:A:G,16,89232604,G,A,0.0386911028574773
16:90080723:C:T,16,90080723,T,C,0.017027644912031
16:2165630:C:T,16,2165630,T,C,0.0251719078265993
16:2266173:C:T,16,2266173,C,T,0.0202458316148923
16:3566362:A:G,16,3566362,A,G,0.0126036923321473
16:4014282:C:G,16,4014282,G,C,0.0255029098050554
16:4352550:A:G,16,4352550,A,G,0.0211751799874063
16:4400283:C:T,16,4400283,C,T,0.015963097754642
16:4946794:A:C,16,4946794,A,C,0.0172210142326909
17:408125:A:G,17,408125,G,A,0.0153338950154786
17:31471175:C:CAAA,17,31471175,CAAA,C,0.0157570691307125
17:34941376:C:T,17,34941376,C,T,0.0113451621120444
17:38218773:A:G,17,38218773,G,A,0.0106341590371319
17:38359998:C:CA,17,38359998,CA,C,0.0140571408354713
17:39258495:A:G,17,39258495,G,A,0.0130462002227527
17:40897470:C:T,17,40897470,C,T,0.011474633958625
17:41438584:C:G,17,41438584,C,G,0.0135696762731249
17:42285460:A:ATTTTTTTTTT,17,42285460,A,ATTTTTTTTTT,0.0126702783308999
17:1846831:A:C,17,1846831,C,A,0.0242189881922164
17:47068529:G:T,17,47068529,T,G,0.0244973070306962
17:49383659:A:G,17,49383659,A,G,0.0159578464414575
17:52937056:A:G,17,52937056,G,A,0.0162057254302704
17:53663115:A:G,17,53663115,A,G,0.013755042182995
17:62010270:A:G,17,62010270,G,A,0.010459270806569
17:65368899:G:T,17,65368899,G,T,0.0117920651736288
17:65837235:A:G,17,65837235,G,A,0.0222570193194156
17:68172326:C:T,17,68172326,C,T,0.0182126301060233
17:68420598:C:T,17,68420598,T,C,0.0177415562158878
17:71123677:A:AC,17,71123677,AC,A,0.0146053419334084
17:4001535:C:CAA,17,4001535,CAA,C,0.0133667526186471
17:73786068:C:CA,17,73786068,CA,C,0.0134590322916878
17:76739141:A:G,17,76739141,G,A,0.0102940255163599
17:78757626:A:G,17,78757626,A,G,0.0202333734131149
17:79048467:C:T,17,79048467,C,T,0.0145213548104217
17:4725799:A:G,17,4725799,A,G,0.0118623105074745
17:7096707:T:TC,17,7096707,T,TC,0.0150313796326655
17:7792465:C:G,17,7792465,C,G,0.0149397140394926
17:15945474:C:CAAAG,17,15945474,CAAAG,C,0.0127051027879666
17:17375254:C:T,17,17375254,T,C,0.0147360773184095
17:17714850:T:TG,17,17714850,TG,T,0.01233684790519
18:869377:C:T,18,869377,T,C,0.0163284948848454
18:42597978:C:T,18,42597978,C,T,0.0155382370670588
18:46790471:G:GT,18,46790471,G,GT,0.0120387293482747
18:50437033:C:G,18,50437033,G,C,0.0112289122893903
18:52509833:C:T,18,52509833,T,C,0.0169907253446154
18:54813098:T:TA,18,54813098,TA,T,0.0105575678368488
18:56878362:A:G,18,56878362,G,A,0.0168686146957698
18:57829135:C:T,18,57829135,C,T,0.0452954185904665
18:57985366:C:T,18,57985366,C,T,0.014455314611607
18:58032608:C:T,18,58032608,C,T,0.0898206567175993
18:60755065:G:T,18,60755065,T,G,0.0132341254647982
18:60845884:C:T,18,60845884,C,T,0.01802153533183
18:63435457:T:TG,18,63435457,T,TG,0.012763637991359
18:69243985:C:G,18,69243985,G,C,0.0122507727612657
18:71978578:A:C,18,71978578,C,A,0.00877061126642755
18:2664358:G:GT,18,2664358,G,GT,0.0153087158626249
18:2846812:A:T,18,2846812,T,A,0.0156476029818829
18:6906508:C:G,18,6906508,C,G,0.0154019418554714
18:20715656:A:G,18,20715656,A,G,0.0116959162049623
18:21126081:A:C,18,21126081,A,C,0.022655307178807
18:23178748:A:G,18,23178748,G,A,0.0106368935342058
18:31248391:C:CA,18,31248391,C,CA,0.0117490463182734
18:40751232:G:T,18,40751232,G,T,0.0147449635532331
19:1869152:G:T,19,1869152,T,G,0.0158273941232833
19:12905242:A:C,19,12905242,A,C,0.0136835962579866
19:13157540:A:G,19,13157540,G,A,0.0150082935281397
19:18209184:T:TC,19,18209184,TC,T,0.0132409329286162
19:18460956:A:G,19,18460956,G,A,0.0152977929740205
19:18834514:C:T,19,18834514,C,T,0.0164654133153874
19:19756073:A:AGCC,19,19756073,AGCC,A,0.027396964599715
19:30305684:A:G,19,30305684,A,G,0.0187411149075212
19:33966641:A:G,19,33966641,A,G,0.0147601666951643
19:34316705:C:T,19,34316705,C,T,0.0133069187909486
19:45412079:C:T,19,45412079,T,C,0.0273189012523232
19:1950566:C:T,19,1950566,T,C,0.0149319780492125
19:46978569:A:G,19,46978569,G,A,0.0116232143466841
19:47569003:A:G,19,47569003,A,G,0.0234480226830443
19:49241014:A:G,19,49241014,G,A,0.0119464916132308
19:2186757:C:T,19,2186757,C,T,0.0155264970732009
19:3462045:C:T,19,3462045,C,T,0.0106151841814818
19:4069426:A:G,19,4069426,A,G,0.0153353881687948
19:4466923:T:TTA,19,4466923,T,TTA,0.0134212760039442
19:7223961:A:ATTT,19,7223961,ATTT,A,0.0152551407234504
19:10770305:C:T,19,10770305,C,T,0.0156430729651524
2:42648570:G:T,2,42648570,T,G,0.0169540372178569
2:45591275:A:G,2,45591275,G,A,0.0156938691938526
2:48954905:C:T,2,48954905,T,C,0.0138626452594248
2:50742419:C:G,2,50742419,C,G,0.0123750192078217
2:51189855:A:G,2,51189855,A,G,0.0295254777115636
2:54265937:T:TA,2,54265937,T,TA,0.0141989944599962
2:55287327:A:G,2,55287327,A,G,0.0128018754838122
2:56096892:A:G,2,56096892,A,G,0.0174661864728226
2:58935282:G:T,2,58935282,T,G,0.0160023648162268
2:59315020:A:G,2,59315020,A,G,0.0159235055741664
2:6161899:C:G,2,6161899,G,C,0.0132224770072607
2:60285450:A:T,2,60285450,A,T,0.0127844624011095
2:62838936:A:G,2,62838936,G,A,0.0130486028215297
2:67506315:A:G,2,67506315,A,G,0.0145713108819264
2:67744538:A:G,2,67744538,A,G,0.0215292853922063
2:69600683:C:T,2,69600683,C,T,0.011175939724341
2:71559445:C:G,2,71559445,C,G,0.0110041289200352
2:79505006:G:T,2,79505006,G,T,0.0155700854884558
2:86742320:T:TA,2,86742320,TA,T,0.0149302309633354
2:100889130:C:T,2,100889130,T,C,0.0211320522408058
2:105454590:C:T,2,105454590,C,T,0.0132175395034661
2:105916911:T:TC,2,105916911,T,TC,0.0135212946607848
2:11499032:C:T,2,11499032,C,T,0.0138425228903645
2:111894391:A:G,2,111894391,A,G,0.0401736460834618
2:112023641:C:T,2,112023641,T,C,0.0209235289126571
2:112258164:C:T,2,112258164,C,T,0.0159466407757193
2:113957637:A:G,2,113957637,A,G,0.0113919986117255
2:143958745:C:T,2,143958745,C,T,0.0102957858728125
2:147907202:C:T,2,147907202,C,T,0.0132442698612329
2:159606115:A:AAAAT,2,159606115,A,AAAAT,0.0124045314729919
2:165433335:G:GA,2,165433335,GA,G,0.0137214749338688
2:165528876:C:T,2,165528876,T,C,0.0231851009900431
2:169158403:A:G,2,169158403,A,G,0.00916803506281655
2:172425405:A:AAAGT,2,172425405,AAAGT,A,0.0237658450790725
2:172552001:C:T,2,172552001,C,T,0.016623997539857
2:175166636:A:G,2,175166636,G,A,0.0139012440139169
2:181606366:C:G,2,181606366,C,G,0.0142120240192281
2:204075085:C:CA,2,204075085,C,CA,0.0143588954978896
2:205375909:A:C,2,205375909,C,A,0.0287805682743307
2:207977132:C:G,2,207977132,C,G,0.0172292111965834
2:211608379:G:T,2,211608379,G,T,0.0152009807821155
2:213414265:A:G,2,213414265,A,G,0.0143867066123431
2:217325778:G:GGT,2,217325778,GGT,G,0.0113720396565302
2:218280418:G:T,2,218280418,G,T,0.0154451523319952
2:26942256:A:G,2,26942256,A,G,0.0124141831599949
2:27730940:C:T,2,27730940,C,T,0.0127707767453141
2:224067543:A:AAAAAG,2,224067543,AAAAAG,A,0.0119104887451372
2:227597407:A:ATATAT,2,227597407,ATATAT,A,0.0289397407136822
2:229019109:A:C,2,229019109,C,A,0.0163082917939863
2:229989029:C:T,2,229989029,C,T,0.0109998802444109
2:230705516:T:TA,2,230705516,T,TA,0.0166123745891541
2:236762851:A:G,2,236762851,G,A,0.0147584706478862
2:241728843:C:T,2,241728843,T,C,0.0132013572642943
2:242608984:A:G,2,242608984,A,G,0.0146680312037268
2:28938544:C:CT,2,28938544,CT,C,0.0156007241831807
2:33360338:A:G,2,33360338,G,A,0.0142515416683997
2:36789166:A:G,2,36789166,G,A,0.0165474632441879
2:37023044:A:G,2,37023044,G,A,0.0138649211285226
20:6601749:A:G,20,6601749,A,G,0.011508206860288
20:51758921:A:C,20,51758921,A,C,0.0213486216420499
20:53491185:A:AG,20,53491185,AG,A,0.0125633873132233
20:54149337:C:T,20,54149337,C,T,0.0107402893331756
20:54422639:C:T,20,54422639,C,T,0.0153185758800206
20:55813725:A:G,20,55813725,G,A,0.0147191720974553
20:61560320:T:TA,20,61560320,T,TA,0.0169721824224562
20:62372706:A:G,20,62372706,A,G,0.0139813756861344
20:62692440:A:G,20,62692440,G,A,0.0118848766644287
20:17088953:A:T,20,17088953,A,T,0.0177854093549527
20:21223663:C:T,20,21223663,C,T,0.0109068553614393
20:25189115:A:T,20,25189115,T,A,0.0120534416642204
20:32302908:C:T,20,32302908,C,T,0.0197519450680136
20:32667078:G:T,20,32667078,G,T,0.0251707295789317
20:34025756:A:G,20,34025756,G,A,0.0292375233253085
20:43536455:C:T,20,43536455,T,C,0.0157158470468396
20:45540304:A:T,20,45540304,T,A,0.0186325541933219
20:50859006:C:T,20,50859006,T,C,0.0167342976838171
20:50974109:A:G,20,50974109,A,G,0.0209735848320863
21:36770120:A:T,21,36770120,T,A,0.0187707049633208
21:39689690:C:T,21,39689690,C,T,0.0107160265863257
21:40120532:C:T,21,40120532,T,C,0.013446880891244
21:40296411:C:T,21,40296411,T,C,0.0160910145853758
21:40685515:G:GCGC,21,40685515,GCGC,G,0.013687711608766
21:46493003:A:G,21,46493003,G,A,0.0137461587825979
21:46641017:A:G,21,46641017,G,A,0.0135053809474532
22:18127100:C:CT,22,18127100,CT,C,0.0142747169729302
22:28650480:C:CA,22,28650480,CA,C,0.0101606070853389
22:35701898:A:AGAGTG,22,35701898,AGAGTG,A,0.0130778767164793
22:38572526:C:G,22,38572526,G,C,0.0136459859318676
22:39116082:C:T,22,39116082,T,C,0.0176110831290715
22:39665395:A:G,22,39665395,G,A,0.0130571234212612
22:41804716:A:G,22,41804716,G,A,0.0147548954952516
22:46601416:C:CATATATATATATATATATATAT,22,46601416,CATATATATATATATATATATAT,C,0.0218304512123599
3:8137447:A:G,3,8137447,A,G,0.00874617187786205
3:41308348:C:T,3,41308348,C,T,0.0138514346118927
3:42324697:C:G,3,42324697,C,G,0.0211628916953541
3:42476376:C:T,3,42476376,C,T,0.0143034179769383
3:44028764:C:T,3,44028764,C,T,0.0124017168248523
3:44226332:A:G,3,44226332,G,A,0.0137679888685614
3:46953813:C:CA,3,46953813,C,CA,0.0106704714875054
3:50192826:C:T,3,50192826,T,C,0.0168465388653727
3:52061613:C:CA,3,52061613,C,CA,0.0198057425046174
3:52896032:A:C,3,52896032,A,C,0.0130669080989555
3:56599469:C:CT,3,56599469,C,CT,0.0115611748960081
3:61208619:C:G,3,61208619,C,G,0.0203089113331351
3:62471282:C:T,3,62471282,T,C,0.0158012869886725
3:62713263:G:T,3,62713263,G,T,0.0136328450991395
3:64718258:C:G,3,64718258,C,G,0.0190111890200695
3:66492604:G:T,3,66492604,G,T,0.00963087829539951
3:70028317:A:G,3,70028317,G,A,0.013464613602841
3:70488458:C:T,3,70488458,T,C,0.0150363724009107
3:71624342:A:G,3,71624342,A,G,0.0167889812988273
3:78646075:A:C,3,78646075,A,C,0.0115666332453303
3:84240742:A:G,3,84240742,A,G,0.0146055699639672
3:85699040:C:G,3,85699040,C,G,0.0147545934775245
3:88254820:C:T,3,88254820,C,T,0.0224030811705001
3:94045567:A:C,3,94045567,C,A,0.0164044598978634
3:101121980:A:G,3,101121980,G,A,0.00978602092400881
3:104609236:A:G,3,104609236,A,G,0.01366987306831
3:9975386:C:G,3,9975386,C,G,0.0240852175310673
3:119536429:A:G,3,119536429,A,G,0.01205454939807
3:121486774:G:GACTAC,3,121486774,GACTAC,G,0.0120131266496005
3:123101981:C:T,3,123101981,T,C,0.0122422460349662
3:124691470:C:T,3,124691470,T,C,0.0106198218784035
3:128983680:G:T,3,128983680,T,G,0.0202584827704513
3:129329566:A:T,3,129329566,T,A,0.0256462020631959
3:131758077:A:G,3,131758077,A,G,0.0203579396879889
3:136328270:C:T,3,136328270,C,T,0.0154329736341137
3:138104635:A:G,3,138104635,G,A,0.0179137155715694
3:141102833:A:G,3,141102833,A,G,0.0299419240313778
3:141197622:C:T,3,141197622,T,C,0.0335793831729345
3:147086268:C:T,3,147086268,T,C,0.0116356820118811
3:11629420:A:G,3,11629420,G,A,0.0146963742244422
3:148698474:A:G,3,148698474,A,G,0.0117095910404351
3:153834035:C:T,3,153834035,T,C,0.0218770391646861
3:161425444:A:G,3,161425444,A,G,0.0108030594974974
3:169300219:C:T,3,169300219,C,T,0.0124635291816665
3:170743141:A:ATAT,3,170743141,ATAT,A,0.0189579377893992
3:171126134:C:G,3,171126134,C,G,0.0114814453827965
3:172150836:G:T,3,172150836,T,G,0.00974303423752998
3:173114305:A:G,3,173114305,G,A,0.0120153998543993
3:180736488:A:AT,3,180736488,AT,A,0.0129695688424788
3:183356627:C:T,3,183356627,T,C,0.0156178337509041
3:183976103:C:T,3,183976103,C,T,0.016764606741402
3:12393125:C:G,3,12393125,G,C,0.0228643120556558
3:12483104:A:G,3,12483104,G,A,0.0127398031292168
3:12494794:A:C,3,12494794,C,A,0.0161250329795384
3:185360578:A:C,3,185360578,A,C,0.0130780567660055
3:185548663:A:G,3,185548663,A,G,0.0237413457852091
3:185828465:C:T,3,185828465,T,C,0.0196664718995202
3:196139128:G:GA,3,196139128,GA,G,0.0132815461502982
3:13001931:A:G,3,13001931,G,A,0.0131059584519824
3:20166939:A:G,3,20166939,G,A,0.0109266485888796
3:25110415:A:T,3,25110415,A,T,0.0153350140369708
3:30071057:T:TAAAAG,3,30071057,TAAAAG,T,0.0141257370874769
4:840800:T:TGCCTCC,4,840800,T,TGCCTCC,0.0146882523563136
4:45186139:A:G,4,45186139,A,G,0.0258793757569356
4:49151982:A:G,4,49151982,A,G,0.0153511259962019
4:54379392:A:C,4,54379392,A,C,0.017131213457842
4:54574365:A:G,4,54574365,G,A,0.0125699433701533
4:55500226:A:C,4,55500226,C,A,0.014723285585184
4:56264753:C:G,4,56264753,G,C,0.0165219564904715
4:65656142:T:TC,4,65656142,TC,T,0.011864029244892
4:67809903:G:GAGA,4,67809903,G,GAGA,0.0124401166897117
4:68455527:A:AT,4,68455527,AT,A,0.0131646215925307
4:82275229:C:T,4,82275229,C,T,0.0142755671398836
4:1712880:A:AT,4,1712880,A,AT,0.0166821733612633
4:86800806:C:T,4,86800806,C,T,0.0119416597293587
4:89054667:A:G,4,89054667,A,G,0.0191090402745577
4:89725862:G:GAT,4,89725862,G,GAT,0.0162896320069243
4:96153214:A:G,4,96153214,G,A,0.0121807955141648
4:103112470:A:G,4,103112470,G,A,0.0350658003679329
4:110755321:G:T,4,110755321,G,T,0.0122430361237276
4:122713863:A:C,4,122713863,C,A,0.0146269411086948
4:123838107:C:T,4,123838107,T,C,0.0149489864777965
4:14844893:A:G,4,14844893,G,A,0.0149325717234765
4:131023284:A:G,4,131023284,A,G,0.0116786878385153
4:137083193:A:C,4,137083193,A,C,0.0153287084669852
4:139750074:C:G,4,139750074,C,G,0.0124849843373766
4:140017070:C:T,4,140017070,T,C,0.014008465287004
4:145574844:A:G,4,145574844,G,A,0.0209982253445695
4:145718861:G:GGTTA,4,145718861,G,GGTTA,0.0258607749527358
4:152931436:C:T,4,152931436,T,C,0.0131756298004505
4:159982236:C:CA,4,159982236,CA,C,0.0125306650322116
4:180168024:A:G,4,180168024,G,A,0.0118420382775796
4:17800144:A:G,4,17800144,A,G,0.0165186425401186
4:18351898:C:T,4,18351898,T,C,0.0163936087739543
4:20213428:A:T,4,20213428,A,T,0.0202267422255081
4:25377777:A:C,4,25377777,A,C,0.0214222260244605
4:28489339:A:T,4,28489339,A,T,0.0204335921217578
4:30842780:A:G,4,30842780,G,A,0.0125600662801486
4:38631620:G:T,4,38631620,T,G,0.0133406808164618
5:271857:C:CCCGGCCCTGGGG,5,271857,C,CCCGGCCCTGGGG,0.0238683795124939
5:63940262:A:G,5,63940262,G,A,0.0103878237527813
5:63978255:A:G,5,63978255,A,G,0.0122055792295728
5:66175682:A:G,5,66175682,A,G,0.0176452294080157
5:67597321:C:T,5,67597321,T,C,0.0116176410403785
5:75003678:C:T,5,75003678,T,C,0.0290696884499654
5:77485128:C:G,5,77485128,C,G,0.0236590923711055
5:80842034:A:G,5,80842034,G,A,0.0178899705068088
5:86557304:T:TA,5,86557304,T,TA,0.0109992455180656
5:87694757:T:TA,5,87694757,T,TA,0.0217158635048813
5:87988934:C:T,5,87988934,C,T,0.0278447186806659
5:92379766:A:ATTGT,5,92379766,A,ATTGT,0.0125131947321933
5:95728898:C:G,5,95728898,G,C,0.0177957046908154
5:95867223:A:C,5,95867223,C,A,0.0142814849021534
5:3539923:C:T,5,3539923,T,C,0.0119657671486422
5:96080883:A:G,5,96080883,A,G,0.0149854316295719
5:101200232:A:C,5,101200232,C,A,0.0118110331204407
5:105874890:C:CT,5,105874890,CT,C,0.0117827066108704
5:107478679:T:TATAATA,5,107478679,T,TATAATA,0.016829728803757
5:112162299:A:C,5,112162299,C,A,0.0142067127128007
5:114121194:A:G,5,114121194,A,G,0.011561406338796
5:122699198:C:CTA,5,122699198,C,CTA,0.0199261093878676
5:124313953:A:T,5,124313953,T,A,0.0121514348191914
5:125430010:A:G,5,125430010,A,G,0.00453573864620467
5:22212182:A:T,5,22212182,A,T,0.0180878156882329
5:130367792:A:G,5,130367792,A,G,0.0175470784997069
5:133855423:T:TA,5,133855423,TA,T,0.0215735476885599
5:137478828:G:T,5,137478828,G,T,0.0179123320556218
5:139086651:A:T,5,139086651,A,T,0.0176849747734635
5:140101239:A:AT,5,140101239,A,AT,0.0133990270827756
5:141814420:A:G,5,141814420,G,A,0.0215037992521886
5:142652057:A:T,5,142652057,A,T,0.0141916091870029
5:147848890:C:T,5,147848890,C,T,0.0121859591737314
5:148575207:A:C,5,148575207,C,A,0.0127410093159792
5:32708102:T:TAAA,5,32708102,T,TAAA,0.0139456448867403
5:157918528:A:C,5,157918528,A,C,0.0117649754356708
5:164573453:T:TTG,5,164573453,TTG,T,0.0124680804594261
5:168252563:C:T,5,168252563,C,T,0.00862963437712242
5:170495158:C:G,5,170495158,C,G,0.0127953850790652
5:170864021:G:T,5,170864021,G,T,0.0145391592492126
5:172779475:C:T,5,172779475,T,C,0.0155311069219943
5:173390694:C:T,5,173390694,C,T,0.0164317853473393
5:178746447:A:G,5,178746447,A,G,0.0122197798649774
5:178988608:A:T,5,178988608,A,T,0.0116869229377527
5:36789654:G:T,5,36789654,T,G,0.00786331007284974
5:42857138:C:T,5,42857138,T,C,0.0113790085244493
5:43190861:T:TA,5,43190861,TA,T,0.0134675000540182
5:60624958:A:C,5,60624958,C,A,0.0112663262829156
5:63027870:A:G,5,63027870,A,G,0.011913872965881
6:2110941:C:T,6,2110941,T,C,0.016699177610483
6:34183057:A:G,6,34183057,G,A,0.0395372354097392
6:34620153:A:T,6,34620153,A,T,0.051646182400767
6:40409243:C:T,6,40409243,T,C,0.0205046796042305
6:42640726:C:T,6,42640726,T,C,0.0141835213685419
6:43757896:A:C,6,43757896,C,A,0.0234003683830469
6:46309760:C:CT,6,46309760,CT,C,0.0115404532257065
6:50615935:A:G,6,50615935,G,A,0.0231602849143242
6:50798526:C:T,6,50798526,T,C,0.0324836430643641
6:51146840:A:C,6,51146840,A,C,0.0109706102291951
6:51760527:C:T,6,51760527,T,C,0.0140501845459716
6:55178049:A:G,6,55178049,G,A,0.012139736745608
6:73742152:A:G,6,73742152,A,G,0.0115325884633923
6:6749789:C:T,6,6749789,T,C,0.0195791481004079
6:79518638:C:CCA,6,79518638,CCA,C,0.0116204450365255
6:82447223:C:T,6,82447223,T,C,0.0116803358870069
6:83433135:G:GC,6,83433135,GC,G,0.0128691521165112
6:90321736:A:C,6,90321736,A,C,0.0133547862049115
6:100620931:C:T,6,100620931,T,C,0.0199308302554161
6:100877241:C:T,6,100877241,T,C,0.0140651425050684
6:105402083:A:C,6,105402083,C,A,0.023313257737391
6:108927842:A:G,6,108927842,G,A,0.0197116357280539
6:109800599:G:T,6,109800599,G,T,0.0116618401337296
6:120213880:A:G,6,120213880,A,G,0.0127928495727146
6:7712582:A:G,6,7712582,G,A,0.0112514937152415
6:124911534:A:G,6,124911534,G,A,0.0142066481689751
6:130341235:C:T,6,130341235,T,C,0.0119649625737039
6:130374461:A:T,6,130374461,T,A,0.0194167120396912
6:131422970:C:T,6,131422970,C,T,0.0129204011013224
6:133562456:C:G,6,133562456,C,G,0.0164826926056642
6:139835103:C:CAA,6,139835103,CAA,C,0.0118811380610781
6:142737504:A:G,6,142737504,G,A,0.0187744444705262
6:143187255:C:CA,6,143187255,CA,C,0.0166515780143017
6:152168974:G:T,6,152168974,G,T,0.0167272565932035
6:154333183:C:T,6,154333183,C,T,0.0176540123680007
6:160767905:G:T,6,160767905,G,T,0.0188935659241512
6:12142817:A:G,6,12142817,A,G,0.0152160301877111
6:163009030:A:T,6,163009030,T,A,0.0186480354736368
6:163803765:A:T,6,163803765,A,T,0.0127744257648429
6:164105984:C:T,6,164105984,C,T,0.0167424544455583
6:166416028:A:C,6,166416028,A,C,0.0257732420540684
6:13178259:A:G,6,13178259,G,A,0.0142389249289987
6:19082663:A:T,6,19082663,A,T,0.0136408205893428
6:19724989:C:T,6,19724989,T,C,0.0129767215010807
6:20708220:G:GTATAT,6,20708220,GTATAT,G,0.0181535923200618
7:1270738:C:T,7,1270738,C,T,0.016395640275423
7:32947201:A:G,7,32947201,A,G,0.0143638171120049
7:33953828:C:T,7,33953828,T,C,0.0116276432323717
7:42797781:C:T,7,42797781,T,C,0.0121341392249821
7:44804225:C:T,7,44804225,C,T,0.0110104522445108
7:49616203:A:G,7,49616203,A,G,0.0103260730225118
7:50336073:A:C,7,50336073,A,C,0.0127833399316531
7:50571996:C:T,7,50571996,C,T,0.0152047829015476
7:65522783:C:G,7,65522783,G,C,0.0153031025075182
7:70106569:A:G,7,70106569,G,A,0.0139358394414379
7:71586211:A:T,7,71586211,A,T,0.0133640722990501
7:1380226:C:T,7,1380226,T,C,0.0146206116098234
7:73040814:G:T,7,73040814,G,T,0.0213223208961308
7:76637391:A:G,7,76637391,G,A,0.0230000200791128
7:77828340:A:G,7,77828340,A,G,0.0125868802058978
7:78148421:A:G,7,78148421,A,G,0.0192855705134229
7:92257392:A:G,7,92257392,G,A,0.0259592107533142
7:93200058:A:G,7,93200058,G,A,0.0151960392167005
7:100803242:C:T,7,100803242,T,C,0.0160630945677607
7:103416541:A:C,7,103416541,A,C,0.0179087912438721
7:2108036:C:G,7,2108036,G,C,0.015011151523274
7:110925758:C:T,7,110925758,C,T,0.0239532270219995
7:113013865:T:TTTC,7,113013865,TTTC,T,0.0142183363059392
7:113472031:A:C,7,113472031,C,A,0.0126039660096786
7:114402803:A:G,7,114402803,A,G,0.0147007735924163
7:121955328:G:T,7,121955328,T,G,0.0148005175791576
7:130445847:T:TA,7,130445847,T,TA,0.0189973258995688
7:150668070:C:T,7,150668070,T,C,0.0167302451811373
7:2867557:A:AT,7,2867557,A,AT,0.0263420617564378
7:3128590:G:T,7,3128590,G,T,0.018375235212699
7:6431457:C:G,7,6431457,G,C,0.0213086430744709
7:26763321:A:AT,7,26763321,AT,A,0.0209647937203986
7:28814839:A:C,7,28814839,C,A,0.0112815491391825
7:32345787:A:C,7,32345787,C,A,0.0130923921735796
8:2935385:A:G,8,2935385,A,G,0.0127086863805387
8:23650576:G:GTA,8,23650576,G,GTA,0.0121097236334232
8:27996440:C:G,8,27996440,G,C,0.0156416150557251
8:57122215:C:T,8,57122215,T,C,0.0236195854549747
8:57184728:A:G,8,57184728,G,A,0.014965626464877
8:60645506:A:G,8,60645506,G,A,0.0133380625160202
8:64567522:C:G,8,64567522,C,G,0.00989554500283662
8:73440371:G:T,8,73440371,G,T,0.0205700943852093
8:76676187:C:T,8,76676187,C,T,0.0138291323761498
8:77226919:A:G,8,77226919,A,G,0.0173601669327731
8:89439453:A:G,8,89439453,G,A,0.0122298657291986
8:94634868:C:G,8,94634868,G,C,0.0108869518864487
8:95530969:A:G,8,95530969,G,A,0.0176876530458745
8:4288577:G:T,8,4288577,T,G,0.0121265563997741
8:116645056:C:T,8,116645056,C,T,0.0142332723902411
8:116671848:A:G,8,116671848,G,A,0.0236819553250523
8:118884738:T:TA,8,118884738,T,TA,0.0201324046102337
8:120687669:A:T,8,120687669,T,A,0.0135874103670221
8:124150990:A:G,8,124150990,G,A,0.0120371498051427
8:126506694:A:G,8,126506694,A,G,0.0187029538218009
8:128121849:C:G,8,128121849,G,C,0.0381385745487289
8:128749023:G:T,8,128749023,G,T,0.0318963238123586
8:130736854:A:G,8,130736854,A,G,0.0165677368253118
8:135622640:C:T,8,135622640,T,C,0.0147889196826681
8:135649848:A:G,8,135649848,G,A,0.0126060160195339
8:135847447:A:G,8,135847447,A,G,0.0185696237655014
8:10494738:A:C,8,10494738,C,A,0.0156268800527017
8:137673429:A:T,8,137673429,T,A,0.0134663657239305
8:143364521:C:T,8,143364521,C,T,0.0136886273084662
8:143765699:A:G,8,143765699,A,G,0.0130574683484375
8:144910239:A:G,8,144910239,A,G,0.014078897950633
8:13372120:A:G,8,13372120,G,A,0.0197942369264715
8:14226223:C:G,8,14226223,G,C,0.0148220064132362
8:21858619:C:T,8,21858619,C,T,0.0112817662630536
8:21975521:A:G,8,21975521,G,A,0.0125736403459926
8:23136793:C:T,8,23136793,T,C,0.012273706721283
8:23364378:A:G,8,23364378,G,A,0.020163705807948
9:11474608:C:T,9,11474608,C,T,0.0109712952833397
9:88869961:C:CAG,9,88869961,C,CAG,0.0118048187487783
9:90842594:A:C,9,90842594,A,C,0.0151940413196035
9:93968640:C:T,9,93968640,C,T,0.0147065122601324
9:94186973:A:C,9,94186973,C,A,0.0140683746682127
9:95453880:C:T,9,95453880,T,C,0.0201630497052211
9:97107039:C:T,9,97107039,T,C,0.0188268251663035
9:103061366:A:G,9,103061366,G,A,0.018021076887221
9:107722705:C:T,9,107722705,C,T,0.0119232590648825
9:119266695:C:T,9,119266695,C,T,0.011207375267145
9:120394427:C:CGT,9,120394427,C,CGT,0.0124038948581394
9:122651395:A:G,9,122651395,A,G,0.0200066089899107
9:122966788:C:G,9,122966788,G,C,0.0111471317410922
9:126549448:C:CA,9,126549448,CA,C,0.0124962928380703
9:128012939:A:G,9,128012939,G,A,0.0116553629317627
9:129462501:G:T,9,129462501,T,G,0.0131329259476501
9:16729959:A:C,9,16729959,C,A,0.0135296870731502
9:23198829:C:G,9,23198829,C,G,0.0125420046261116
9:27760185:C:T,9,27760185,C,T,0.0131246665872584
9:28414625:C:T,9,28414625,T,C,0.0210315541790167
9:35769371:A:T,9,35769371,T,A,0.0148840317982061
9:37084340:A:G,9,37084340,A,G,0.0122206700178613
9:87327889:G:T,9,87327889,G,T,0.0100154335518789
